row_index,creators_entities,other_entities
830,NA,NA
2036,NA,"police, officers"
99,NA,"America, Afghanistan"
563,NA,NA
2466,NA,"local textile factory, city, community"
133,NA,Myanmar
426,NA,NA
2489,NA,"Army, Navy, American people"
2173,NA,NA
76,NA,New York City
2523,NA,"Billie Sol Estes, United States government, Estes"
975,NA,"California, the country"
1925,NA,"East Texas, United States"
1026,NA,NA
1476,NA,"Persian Gulf War, American"
1163,NA,"Holocaust survivors, Judaism"
1499,NA,Kosovo
1533,NA,Europe
1860,NA,NA
164,NA,Columbia space shuttle
2431,NA,Hurricane Andrew
534,NA,America
2061,NA,NA
867,NA,John D. Ashcroft
1358,NA,Darién Gap
922,NA,the United States
1708,NA,"U.S., fentanyl, United States"
888,NA,NA
21,NA,professional hockey
2124,NA,"eastern Long Island, public and political officeholders"
471,NA,NA
1421,NA,"Soviet Union, Cuba, MIG-21 aircraft"
1071,NA,Florida migrant workers
758,NA,NA
1972,NA,"Senator Bob Kerrey, Vietnam War"
308,NA,"American, September 11th terrorist attacks"
2348,"journalists, staff and editorial board of the Capital Gazette, Capital Gazette",Pulitzer Board
1837,NA,bandit
1564,NA,"the world, a fast-moving global pandemic"
1134,Newhouse News Service,Kenya
871,NA,Food and Drug Administration
2077,NA,Ku Klux Klan
522,NA,NA
488,NA,"New Orleans, Berlin"
2427,NA,"Persian Gulf War, American soldier"
172,NA,Comair
467,NA,NA
2132,NA,"police, home city"
2098,NA,"Lansing, Michigan"
37,NA,"a young African woman, U.S. immigration officials"
934,NA,Florida public officials
1964,NA,"elderly Americans, commercial long-term facilities"
1067,NA,"Black men and women, Civil War"
1437,NA,Iran
1122,NA,"American, Somalia"
1572,NA,"Nigeria, military, Boko Haram"
1088,NA,NA
1821,NA,"city, city’s mayor, public hospital system"
125,NA,"Palestinians, Israelis, Gaza Strip"
2470,NA,NA
575,NA,NA
2020,NA,"U.S., Asia, American officials"
826,NA,"Cuban refugees, Atlanta Federal Penitentiary"
1319,NA,NA
963,NA,Louisiana
1749,NA,"Somerville, Massachusetts"
60,NA,Iraq
2165,Bill Dedman,"lending institutions, Atlanta"
430,NA,NA
1460,NA,"Marcos regime, the Philippines"
1030,NA,"Apple, technology companies"
719,NA,NA
1899,NA,American grain exporting trade
1933,NA,Massachusetts Governor Michael Dukakis
349,NA,Syria
2309,NA,NA
1876,NA,"Harold E. Talbott, Secretary of the Air Force"
1525,NA,Iraq
1175,The Washington Times,Congo
1362,author,"family, 9/11, grief"
918,NA,"Baylor University, survivors of sexual assault, women"
1698,NA,"financial service companies, accident victims, judges"
1732,NA,Florida
1227,NA,the snail darter
1677,NA,"Americans, health care providers"
627,NA,NA
2372,NA,"Los Angeles, a Los Angeles medical center"
277,NA,NA
298,NA,Washington
2237,NA,Florida
762,NA,NA
1948,NA,NA
332,NA,the nation
2149,"Stephen Franklin, Marcia Stepanek","automobile industry, federal government"
2519,NA,New York State
1765,NA,Kentucky
1335,NA,NA
1620,NA,Massachusetts pension system
1270,NA,NA
559,NA,Tammany
109,NA,Syria
1159,NA,Liberia
1509,NA,"Saddam Hussein, United Nations"
220,NA,"Washington, January 6, 2021"
2325,NA,NA
670,NA,NA
365,NA,criminal justice system
735,NA,NA
2260,NA,NA
1323,NA,"America, the great recession"
959,NA,"Securities and Exchange Commission, John Shad"
1773,NA,"Boston, The Globe"
1289,NA,NA
1266,NA,"child molester, sexual abuse"
1636,NA,Prince George's County police department
666,NA,NA
2333,NA,NA
236,NA,Bert Lance
2299,NA,Federal Judge Martin T. Manton
2276,NA,"Congress, the Pentagon, U.S. troops"
723,NA,NA
1909,NA,U.S. military
689,NA,NA
373,NA,State
2108,The newspaper,"Phenix City, city government"
1724,NA,Pacific Southwest
1374,NA,City Hall
1661,NA,Florida
1231,"Janet Cooke, The Washington Post",NA
518,NA,NA
148,NA,NA
1118,NA,Romania
1548,NA,Islamic State
261,NA,NA
2364,NA,NA
631,NA,NA
324,NA,NA
774,NA,"labor, management, a local union, Chrysler Corporation, United Automobile Workers' Union"
2221,NA,Hurricane Katrina
1180,NA,"innocent victims, the city, gang"
2256,NA,"Powerful and wealthy sexual predators, Hollywood, one of Hollywood’s most influential producers"
703,"SFGate.com, San Francisco Chronicle",NA
1883,NA,"management interests in the coal industry, United Mine Workers"
1929,NA,NA
353,NA,"Molenbeek, Brussels, Beijing, Americans"
646,NA,NA
2313,NA,"Armies, Navies"
216,NA,"police, Breonna Taylor"
1495,NA,Mexico
2190,"Donald L. Barlett, James B. Steele",Americans
95,NA,Kenya
1246,NA,"Germany, Eastern Europe, Holocaust"
996,NA,"September 11th attacks, America"
1616,NA,"Medicaid, state, officials"
1303,NA,Columbia space shuttle
979,NA,U.S. airlines
1753,NA,"Federal housing programs, Chicago, Chicago hospitals"
580,NA,NA
2485,NA,British Mediterranean Fleet
304,NA,Middle East
754,NA,NA
2201,NA,"the city, group homes for the mentally retarded, officials"
1587,NA,Shrine of North America
1138,NA,Boris Yeltsin
1568,NA,"U.S., Afghanistan, Taliban"
1092,NA,El Salvador
241,NA,NA
2344,NA,NA
611,NA,NA
1991,NA,America
1641,NA,NA
1211,NA,"Spain, COVID-19 pandemic"
538,NA,"Ukraine, Russia"
492,NA,NA
168,NA,"New Jersey, New Jersey's governor"
187,NA,Haiti
2128,NA,United States
2082,NA,Indiana
884,NA,"Ground Zero workers, the city, the nation"
1704,NA,UnitedHealth Group
1354,NA,Cape Cod
1591,NA,"Green River murders, America"
2217,NA,NA
742,NA,NA
1968,NA,U.S.
312,NA,NA
1987,NA,Randy Cunningham
607,NA,NA
2352,NA,George Floyd
257,NA,NA
1084,NA,automobile workers
484,NA,NA
1207,"The New York Times, Yahoo News",armed forces
1657,NA,"California, largest union"
1342,NA,NA
938,NA,NA
1712,NA,"deranged sniper, community"
892,NA,Missouri
2094,NA,the city
191,NA,NA
345,NA,NA
1895,NA,"Senator Thomas Eagleton, Democratic"
715,NA,NA
2240,NA,"Justice Department, defendants"
1196,NA,"Brazil, Zika"
1179,NA,Colombian
1483,NA,"women, many nations"
1529,NA,Iran
200,NA,NA
2305,NA,Nagasaki
650,NA,NA
1600,NA,an innocent man
980,NA,Sudan
1250,NA,NA
83,NA,Indian Ocean
579,NA,Washington
129,NA,"Hong Kong, Chinese government"
2186,Melvin Claxton,NA
2493,NA,Moscow
2169,Jane O. Hansen,Georgia
596,NA,NA
1745,NA,Linda Fitzpatrick
1315,NA,NA
1102,NA,Philadelphia
1552,more than 300 reporters,"Panama Papers, offshore tax havens"
1801,NA,NA
781,NA,John Birch Society
2391,NA,Mt. St. Helens
1944,NA,U.S. Department of Agriculture
294,NA,"local children, welfare systems, judicial systems"
1047,NA,"South American, Miami"
1417,NA,"Batista government, Cuba, revolutionary party, Fidel Castro"
447,NA,NA
2112,NA,NA
17,NA,"U.S. military, Iraq War, Haditha"
1694,NA,"China, Uighurs"
914,NA,"U.S. presidential election, American"
1381,NA,Governor Evan Mecham
851,NA,NA
2057,NA,"Korean War, Korea"
502,NA,NA
2407,NA,Olympic games
152,NA,Hurricane Floyd
2329,NA,Scott Joplin
386,NA,Washington
2283,NA,"American Association for the Advancement of Science, Cambridge Mass."
1856,NA,New York State
1505,NA,Afghanistan
1155,NA,"black sharecroppers, California, San Joaquin Valley, the Depression"
1440,NA,Cambodia
1010,NA,United States
739,NA,Lusitania
1913,NA,NA
693,NA,NA
369,NA,"alleged victims, retired police detective"
1339,NA,NA
943,NA,NA
1769,NA,coal industry
1293,NA,Seton Hall University
2515,NA,Georgia
40,NA,countries of the former Soviet Union
2145,"Sydney P. Freedberg, David Ashenfelter",U.S. Navy
410,NA,NA
105,NA,Japan
2450,NA,"Kenya, Tanzania"
555,NA,NA
2000,NA,NA
1786,NA,NA
806,NA,NA
1143,NA,NA
1513,NA,"Iraqis, Iraq"
1840,NA,"United Automobile Workers, Ford, General Motors"
2295,NA,"Charles A. Lindbergh family, United States, England"
390,NA,Berlin
685,NA,NA
1905,NA,NA
1006,NA,NA
1456,NA,Sudan
406,NA,NA
2153,NA,"Chicago, Mayor Washington, street gangs"
56,NA,"U.S., corporations, individuals"
2503,NA,"C. Wesley Roberts, Republican National Chairman"
1285,NA,NA
955,NA,NA
810,NA,"Israeli, Lebanon"
1790,NA,"taxpayers, children, state, federal, providers"
2016,NA,American West
543,NA,NA
2446,NA,NA
113,NA,Gaza
2368,NA,American medical laboratories
797,NA,NA
1817,NA,"Philadelphia school buildings, children"
1544,NA,"Iraq, ISIS, U.S."
1114,NA,Exxon Valdez
1401,NA,"Filipinos, 1904 World’s Fair, St. Louis"
1051,NA,Californians
282,NA,Americans
778,NA,NA
1952,NA,America
2387,NA,NA
328,NA,NA
1378,NA,"Cerritos air disaster, Cerritos, August 31, 1986"
902,NA,"Syria, United States"
1682,NA,"9,000 teachers, the nation"
1728,NA,NA
1,NA,Civil Rights era
2104,NA,NA
451,NA,NA
144,NA,Donald Trump
2411,NA,"Coretta Scott King, U.S. Capitol Rotunda"
514,NA,NA
2041,NA,U.S. troops
847,NA,Alabama
1397,NA,NA
1379,NA,NA
1683,NA,Illinois
903,NA,Hurricane Sandy
1729,NA,"Miami, Miami Riots"
0,inmates of San Quentin State Prison,NA
2105,NA,"Internal Revenue Bureau, government"
450,NA,NA
145,NA,NA
2410,NA,"Nevado del Ruiz volcano, Colombia"
515,NA,NA
2040,NA,America
846,NA,Iowa
1396,NA,NA
2369,NA,America
1816,NA,Minnesota
796,NA,a local brothel keeper
1545,NA,"Mexican, American"
1115,NA,"China, Eastern Europe"
1400,NA,AI
1050,NA,"President Donald Trump, Board"
283,NA,California
779,NA,Virginia
1953,NA,America
329,NA,NA
2386,NA,Indianapolis
407,NA,NA
2152,"Richard High, Anne Mackinnon","local utilities, the state"
57,NA,Israeli-Palestinian conflict
2502,NA,bandit
1284,NA,heavyweight boxer
954,NA,"America, Japan"
1791,NA,"Ku Klux Klan, Civil Rights era"
811,NA,NA
2017,NA,NA
542,NA,NA
2447,NA,"Rwanda, Burundi"
112,NA,"Westgate mall, Kenya"
1142,NA,"Donald Anderson, Southern communities"
1512,NA,Africa
1841,NA,Grand Canyon
2294,NA,international yacht races
391,NA,Berlin
1904,NA,NA
684,NA,NA
1007,NA,teenage girl
1457,NA,South Africa
1338,NA,Rikers Island
942,NA,North Carolina
1768,NA,America
1292,NA,"Gee’s Bend, Alabama, slaves"
2514,NA,"Washington, D.C."
41,NA,Welfare
2144,NA,"New York, subway system"
411,NA,NA
104,NA,Arab Spring
2451,NA,Bronx
554,NA,NA
2001,NA,"life insurance companies, military veterans, Americans, government"
807,NA,NA
1787,NA,Kwame Kilpatrick
387,NA,Ethiopia
2328,NA,NA
2282,NA,The Unknown Soldier
1857,NA,Metropolitan Sanitary District of Greater Chicago
1504,NA,"China, government, Falun Gong movement"
1154,NA,Connecticut city
1441,NA,Colombia
1011,NA,NA
738,NA,NA
692,NA,NA
1912,NA,NA
368,"The New York Times, The Atlantic",NA
446,NA,NA
2113,Gene Sherman,"United States, Mexico, southern California"
16,NA,Rikers Island
915,NA,NA
1695,NA,"international palm oil producers, women and children, Congress"
1380,NA,Goodyear Tire and Rubber Co.
850,NA,NA
2056,NA,NA
503,NA,Middle East countries
2406,NA,"Angola, El Salvador"
153,NA,Columbine High School
1103,NA,AIDS victims
1553,NA,"Vladimir Putin, Russia"
780,NA,Puerto Rico
1800,NA,"northern New Jersey, South America"
2390,United Press International,"Josh Prager, The Wall Street Journal"
1945,NA,"U.S. government, Iraq, Gulf War"
295,NA,NA
1046,NA,"President Trump, U.S., Mexico"
1416,NA,NA
981,NA,critically-ill patients
1601,NA,Oakland Police Department
1251,NA,aircraft carrier
82,NA,Iraq
578,NA,NA
2187,NA,"a local legal publishing company, the federal judiciary, Supreme court justices"
128,NA,Haiti
2492,NA,Pacific war theatre
2168,"Phil Williams, Jim O'Hara","state, individuals, legislative"
597,NA,NA
1744,NA,NA
1314,NA,"an immigrant imam, America"
344,NA,Marathon
714,NA,NA
1894,NA,"American, Indo-Pakistan War, Indo, Pakistan"
2241,NA,"state-run police force, patients, homes for the developmentally disabled"
1197,NA,Flint
1178,NA,Florida
1482,NA,Somalia
1528,NA,"America, Afghanistan, Pakistan"
201,newsroom,"Freddie Gray, police violence"
2304,NA,NA
651,NA,For Better or For Worse
485,NA,NA
1206,NA,"Maine family, Maine"
1656,NA,"China, American officials, Chinese officials"
1343,NA,Cascadia fault line
939,NA,Boston
893,NA,"Illinois state government, lawmakers"
1713,NA,"Detroit, riots of 1967"
2095,NA,Constitution
190,NA,State Capitol
1590,NA,"Georgia, Toombs Judicial Circuit"
2216,NA,Hurricane Ivan
743,NA,Anxious Friend
1969,NA,Texas
313,NA,NA
606,NA,NA
1986,NA,NA
2353,journalists of Ukraine,"Pulitzer Board, Ukraine, Vladimir Putin, Russia"
256,NA,NA
1085,NA,Mississippi Delta Region
1640,NA,NA
1210,NA,"COVID-19 pandemic, global community"
539,NA,NA
493,NA,NA
169,NA,Hurricane Wilma
2129,NA,Boston
186,NA,Middle Tennessee
2083,NA,NA
1705,NA,United States
885,NA,Georgia
1355,NA,"Ramsey Orta, NYPD, Eric Garner, police, the nation"
305,NA,NA
755,NA,NA
2200,NA,"governor of Illinois, Illinois"
1586,NA,Mexican drug lords
1139,NA,Angola
1569,NA,"Afghan government, Taliban, Afghans"
1093,NA,Central America
240,NA,NA
2345,NA,Ray Bradbury
1990,NA,President Bush
610,NA,NA
2191,NA,"Los Angeles County, justice system"
94,NA,"Japanese videographer, Myanmar"
1247,NA,"American farm family, U.S., Depression"
1617,NA,Nation of Islam
997,NA,the city
1302,NA,"states, parents"
978,NA,"Zaire, Ebola virus outbreak"
1752,NA,"Police Department, office of the County Prosecutor"
581,NA,NA
2484,NA,NA
1181,NA,"families, children, autism"
2257,Washington Post,"Jamal Khashoggi, Saudi Arabia, Turkish consulate"
1882,NA,"a timber transaction, the public, business ethics"
702,NA,NA
1928,NA,"U.S., Iran-Contra"
352,NA,Chicago
647,NA,NA
2312,"Byron Price, U.S. Office of Censorship",World War II
217,NA,COVID-19
1494,NA,"Laurent Kabila, Zaire"
1119,NA,Kurdish refugee camps
1549,NA,Afghan women
260,NA,NA
2365,NA,Bingham
630,NA,NA
325,NA,"alienated teenagers, dangerous city neighborhood"
775,NA,"Soviet Union, Iowa, Russian, U.S."
2220,the newspaper,"Hurricane Katrina, the Board"
2109,NA,"district attorney, associates"
1725,NA,Ku Klux Klan
1375,NA,Delta flight 191
1660,NA,the Board
1230,NA,NA
519,NA,NA
149,NA,"a 12-year-old boy, county"
667,NA,NA
2332,"The Christian Science Monitor, The New Republic",Washington
2298,The New York World-Telegram,"Works Progress Administration, Pennsylvania, Kentucky"
237,NA,NA
2277,NA,"pregnant women, doctors, states"
722,NA,U.S. publications
688,NA,NA
1908,NA,NA
372,NA,Alabama
1322,NA,"one hospital, Hurricane Katrina, the Board"
958,NA,NA
1772,NA,Hughes Aircraft Company
1288,NA,NA
1267,NA,"Grady, the author, his family"
1637,NA,District of Columbia
1158,NA,California
1508,NA,"United States, Europe"
221,NA,Champlain Towers South condominium complex
2324,NA,NA
671,NA,NA
364,NA,NA
734,NA,Trump White House
2261,NA,"America, opioid epidemic"
2148,NA,"Governor Winter, Mississippi"
2518,NA,"Leonard Warren, Metropolitan Opera"
1764,NA,University of Arizona Athletic Department
1334,NA,Southern California
1621,NA,"federally-sponsored housing program, Native Americans"
1271,NA,President Richard Nixon
558,NA,NA
108,NA,"Aurora, Colo."
626,NA,NA
2373,NA,"New York City, subway system"
276,NA,"Cuban-Americans, immigrant community"
2236,NA,"California, city of Bell, officials, treasury"
299,NA,"President Clinton, Monica Lewinsky"
763,NA,NA
1949,NA,America
333,NA,NA
1363,NA,"inmates, Alabama, the state"
1699,NA,"Florida, Florida’s only battery recycling plant"
919,NA,"Iowa, Medicaid"
1733,NA,Louisville
1226,NA,Indians
1676,NA,Illinois
1461,NA,South Africa
1031,NA,"Mexican drug cartels, Oregon"
1898,NA,Internal Revenue Service
718,NA,NA
1932,NA,"Pentagon, government"
348,NA,NA
2308,NA,"Accurate News and Information Act, Province of Alberta, Canada"
1877,NA,"President Eisenhower, Executive Branch, Federal Government"
1524,NA,"America, Iraq"
1174,NA,Barack Obama
124,NA,California
2471,NA,TWA Flight 800
574,Mauldin,"American troops, prisoners"
2021,NA,Donald Trump
827,NA,"Florida, Orange County"
1318,NA,NA
962,NA,"Safeway Stores, Inc."
1748,NA,"police, Chicago, private ambulance companies"
61,NA,American universities
2164,"Donald L. Barlett, James B. Steele","Tax Reform Act of 1986, Congress"
431,NA,NA
1965,NA,"American technology, China, U.S. government"
1066,NA,insurance companies
1436,NA,Middle East
1123,NA,Somalia
1573,NA,"Russia, Ukraine, Bucha, Russian unit"
1089,NA,NA
1820,NA,NA
870,NA,"illegal immigrants, the state, justice of the peace courts"
2076,NA,Charles Ponzi
523,NA,NA
2426,NA,"South Africa, African National Congress, Zulu"
489,NA,NA
173,NA,"travelers, the region"
466,NA,NA
2133,NA,Synanon
36,NA,Catholic parish
2099,NA,"United States District Court for the middle district of Pennsylvania, District Judge"
935,NA,NA
1420,Lippmann,Soviet Premier Khrushchev
1070,NA,"Martin Luther King Jr., Dr. King"
759,NA,NA
1973,NA,"University, Drug companies"
309,NA,NA
2349,NA,NA
1836,The Banner,"Baltimore, fentanyl"
1565,the news organization,"China, Xi Jinping"
1135,NA,NA
165,NA,southern California
2430,NA,"Hurricane Andrew, South Florida"
535,NA,NA
2060,"Schau, Mrs. Walter M. Schau, The Akron (OH) Beacon Journal, AP","Redding, Calif., Walter M. Schau"
866,NA,same-sex couples
1359,NA,"Ahmaud Arbery, America"
923,NA,Missouri
889,NA,NA
1709,NA,New Jersey
20,NA,NA
2125,NA,North Carolina
470,NA,NA
1924,NA,"IRS, U.S. taxpayers"
1027,NA,"citizens, corporations"
1477,NA,Somalia
1162,NA,"Oakland hospital, Iraqi boy"
1498,NA,Russian
1532,NA,Haiti
1861,NA,NA
831,NA,NA
98,NA,"US Airways, Hudson River, Manhattan"
2037,NA,"automakers, poultry supplier, Alabama"
562,NA,NA
2467,NA,"Capital Cities/ABC Inc., the Walt Disney Company"
132,NA,"U.S. cities, George Floyd"
2488,NA,NA
427,NA,NA
2172,David Freed,"the city, criminal justice system"
77,NA,"Church of the Nativity, Bethlehem"
2522,NA,Jamaica Bay
974,NA,District of Columbia
705,NA,Kentucky
1885,NA,President John F. Kennedy
2250,NA,"a local school board, county schools, community, the Board"
355,NA,NA
1186,Agence France-Presse,"Syrian rebel soldiers, Syrian"
1539,NA,Syria
1169,NA,Texas
1493,NA,"Africa, Asia"
2315,NA,Pulitzer Prize
640,NA,NA
210,NA,California
1240,NA,NA
990,NA,NA
1610,NA,Branch Davidian cult
2196,NA,"local police, the city"
139,NA,"The Covenant School, Nashville"
93,NA,California
569,NA,NA
586,NA,Salk
2483,NA,"Alberta, Canada"
2179,"Jeff Brazil, Steve Berry","motorists, minorities, sheriff's drug squad"
1305,NA,NA
1755,NA,NA
1581,NA,"city police, K-9 unit, officers"
1978,NA,"The Widow Maker, the Board"
302,NA,NA
2207,NA,America
752,NA,NA
247,NA,NA
617,NA,NA
1997,NA,"PolitiFact, the Board"
2342,NA,NA
1094,NA,"Lebanon, the Board"
494,NA,NA
1647,NA,J. Paul Getty Trust
1217,NA,a pregnant 22-year-old woman
882,NA,Florida
1702,NA,50 federal agencies
1352,NA,"Salvadoran immigrants, New York, Long Island, MS-13"
928,NA,Los Angeles
181,NA,Eliot Spitzer
2084,NA,NA
744,Frank I. Cobb,widow of Frank I. Cobb
2211,NA,America's smallest state
314,NA,NA
1597,NA,Kentucky
1578,NA,"Israeli, Gaza strip, Palestinian journalists, paramedics, a 6-year-old girl"
1082,NA,NA
1128,The New York Times,"Sudanese girl, Sudanese, feeding center, vulture"
2354,Greg Tate,NA
1981,NA,"Wal-Mart, American towns, developing countries"
601,NA,Doonesbury
251,NA,NA
1201,NA,"Venezuela, government"
1651,NA,"health-care professionals, state"
482,NA,"Disney Hall, Baghdad"
178,NA,Virginia Tech
528,NA,NA
2092,NA,Miami City Commission
2138,NA,Pauline Fathers
197,NA,Boston Marathon
1344,NA,NA
1714,NA,"Pfc. Gibson, Vietnam"
894,NA,the city
1190,NA,"Central American migrants, United States"
1939,NA,Medicaid
343,NA,NA
2246,NA,NA
1893,NA,Diana Oughton
713,NA,NA
206,NA,"Ghost Ship, city"
656,NA,NA
2303,NA,"Lutheran Hospital, New York City"
1485,NA,"overseas Chinese, Asia"
85,NA,Iraq
2180,NA,Hurricane Andrew
1606,NA,"a Missouri attorney general, a St. Louis chief prosecutor, Missouri, St. Louis"
986,NA,NA
1256,NA,a local priest
1743,NA,NA
1313,NA,NA
969,NA,breast cancer
2495,NA,"Pulitzer Prize awards, Pulitzer"
590,NA,NA
1807,NA,"beauty industry, nail salons"
787,NA,NA
2378,NA,Kent State University
1104,NA,"Cambodian refugee child, mother"
1554,NA,"U.S., Islamic State, Mosul"
1041,NA,NA
1411,NA,Canada
1942,NA,NA
338,NA,"Egypt, Kenya, Cambodia"
2397,NA,Air Florida
292,NA,Massachusetts
768,NA,NA
1738,NA,"Anna Catherina Emmerick Academy, right-wing extremist groups"
1368,NA,NA
1692,NA,University of Virginia Health System
912,NA,the nation
2114,The newspaper,"local law enforcement, officials, reform slate"
441,NA,NA
11,NA,"Canada, Walker"
504,NA,NA
2051,AP,Tarawa Island
154,NA,"Alaska Airlines, California"
2401,NA,"U.S. Marines, Beirut, U.S. Marine compound"
1387,NA,County Board of Commissioners
857,NA,New York City
1503,NA,"Africa, Congo, rebel-controlled regions"
1153,NA,"Afghanistan, Pakistan"
380,NA,the international bank
1850,NA,"Veterans' Land Program, Texas, Japanese"
2285,NA,"Robert Franks, Jr., Chicago, Nathan F. Leopold, Richard Loeb"
1915,NA,"New South, America"
695,NA,"Funky Winkerbean, breast cancer"
1446,NA,black Africa
1016,NA,"AIG, policymakers"
46,NA,National Academy of Recording Arts and Sciences
2513,NA,Virginia
416,NA,NA
2143,NA,Rhode Island
945,NA,NA
1295,NA,boy
1780,NA,NA
800,NA,NA
2456,NA,Manhattan
103,NA,Haiti
2006,NA,"American soldiers, Iraq, Afghanistan"
553,NA,Moscow
2293,NA,"John M. Holmes, Thomas H. Thurmond, San Jose, Calif., Brooke Hart"
1846,NA,"Dead Horse Point, Utah"
396,NA,NA
2339,NA,NA
1145,NA,firefighters
1515,NA,Russia
1000,NA,"America, hospital"
1450,NA,Israel
683,NA,NA
1903,NA,America
379,NA,"Franco-British Naval Pact, Germany, Dawes Plan"
729,NA,NA
1779,NA,"debt collectors, two firms, state officials"
1283,NA,"a baseball umpire, a son, another son"
1329,NA,Derek Boogaard
953,NA,NA
2155,NA,"Delta flight 191, United States"
400,NA,NA
2505,Mrs. Brown,Duval County
50,NA,NA
545,NA,NA
2010,NA,Federal Reserve
115,NA,"Ferguson, MO"
2440,NA,"Middle East, Bosnia"
816,NA,Florida
1796,NA,"Penn State, Jerry Sandusky"
1542,NA,NA
1112,NA,NA
791,NA,Bethlehem
1811,NA,"New York state prisons, minority inmates, white inmates"
284,NA,NA
2381,NA,NA
1954,NA,"Republican, House of Representatives"
1407,NA,India
1057,NA,the city
7,NA,East Africa
457,NA,NA
2102,NA,"Nebraska All-Star Primary, bi-partisan committee"
904,NA,"residents, the newspaper's home county"
1684,NA,West Virginia
841,the newspaper,NA
1391,NA,"United Mine Workers, Pittston Coal Group"
2417,NA,Kentucky
142,a team of Palestinian journalists,"people of Gaza, Gaza"
2047,American Press,NA
512,NA,NA
565,NA,NA
2030,NA,"America’s 7th Fleet, the Pacific"
135,NA,"U.S., Afghanistan, jury"
2460,NA,NA
836,NA,Alabama
1759,NA,Long Island
1309,NA,"a federal judge, a former plaintiff"
973,NA,Southern Poverty Law Center
2175,NA,capital area
420,NA,NA
70,NA,Columbine High School
1020,NA,"Washington Mutual, U.S."
1470,NA,China
1923,NA,Henry Lee Lucas
359,NA,NA
1889,NA,Federal Wholesome Meat Act of 1967
709,NA,Washington
1866,NA,NA
2319,NA,basketball
1165,NA,"Colorado Marines, Iraq"
1535,NA,Japan
861,NA,Kosovo
2437,NA,Texas family
498,NA,"Manhattan, China"
162,NA,"four boys, Merrimack River"
2067,United Press International,American newspapers
532,NA,NA
27,NA,NA
2088,NA,Nevada
477,NA,NA
2122,NA,California
924,NA,NA
1974,NA,America
1427,NA,Vietnam War
1077,NA,Louisville
1562,NA,Vladimir Putin
1098,NA,"Angola, El Salvador"
1132,NA,NA
1831,NA,"Florida officials, Hurricane Ian, Florida"
524,NA,"Hollywood, women, the film business"
2071,NA,South Viet Nam
174,NA,NA
2421,NA,Ayatollah Ruhollah Khomeini
877,NA,city hall
898,NA,governor
1718,NA,NA
1348,NA,Japan
932,NA,"Texas, Uvalde"
2134,NA,NA
461,NA,NA
31,NA,"drunken driver, four pedestrians"
1061,NA,U.S. healthcare system
1431,NA,"President Nixon, China"
1962,NA,military health care system
318,NA,NA
748,NA,NA
1827,NA,"the city, scofflaw landlords"
2358,NA,"Simon Wiesenthal Center, Los Angeles"
1124,NA,1992 presidential campaign
1574,NA,"India, Narendra Modi, Hindu nationalist allies, American tech giants"
820,NA,NA
2476,NA,Pacific war theatre
123,NA,"Charlottesville, Va."
89,NA,Barbaro
2026,NA,"Facebook, other tech firms, Cambridge Analytica, Donald Trump"
573,NA,NA
66,NA,NA
2499,NA,"Kansas, Northwestern Missouri"
436,NA,Van Cliburn International Piano Competition
2163,NA,"PTL television ministry, PTL"
965,NA,"Hubble Space Telescope, America"
1935,NA,"Tax Reform Act of 1986, Congress"
1466,NA,U.S.S.R.
1036,NA,"U.S. corporations, lawmakers, regulators"
1523,NA,"Russia, Vladimir Putin"
1173,NA,Sierra Leone
1489,NA,"Bosnian Muslims, Srebrenica"
1870,NA,Washington
2118,NA,Kansas Legislature
1364,NA,a woman
1734,NA,Hyatt Regency Hotel
1221,NA,Ukranian girl
1671,NA,"manufacturers, state, national level"
158,NA,"September 11th, New York City"
508,NA,NA
1558,Pulitzer Center for Crisis Reporting,Yemen
1108,NA,NA
2374,NA,"rare blood disorder, L-Tryptophan"
621,NA,NA
271,NA,NA
764,NA,NA
2231,NA,New Jersey
334,NA,metropolis
1763,NA,accident swindlers
1299,NA,NA
1333,NA,skiers
949,NA,NA
1626,NA,NA
1276,NA,NA
2289,NA,Byrd Antarctic Expedition
226,NA,"Lunar New Year, Asian communities"
676,NA,NA
2323,NA,NA
699,NA,NA
1919,NA,NA
363,NA,"1619 Project, America"
2266,NA,"U.S., Iraq, Syria, Afghanistan, Board"
733,NA,NA
2509,NA,Grand Canyon
2159,NA,NA
1325,NA,"South Carolina, Tanzania"
1775,NA,New York City
1260,NA,Vietnam
1630,NA,"American soldiers, Korean War, Korean civilians, No Gun Ri Bridge"
119,Reuters,Baton Rouge
549,NA,NA
1519,NA,China
1149,NA,"North Koreans, South Koreans, Korean governments"
2335,NA,America
660,NA,NA
230,NA,Donald Trump
725,NA,"health care, police brutality, sexual harassment, education"
2270,NA,"local law enforcement, Uvalde, Texas, police"
375,NA,"Vladimir Putin, Russia"
1722,NA,NA
1372,NA,Boston
1688,NA,President Donald Trump
908,NA,"Ferguson, MO"
1667,NA,"state justice system, criminals, country"
1237,NA,NA
267,NA,NA
637,NA,NA
2362,NA,United States
1958,NA,"federal Witness Protection Program, public"
322,NA,NA
2227,NA,"Walter Reed Hospital, federal officials"
288,NA,NA
772,NA,NA
266,NA,NA
636,NA,NA
2363,NA,"Philadelphia Eagles, Buddy Ryan"
1959,NA,AIDS
323,NA,NA
289,NA,NA
2226,the newspaper,"mortgage and housing crisis, federal probes, major lender"
773,NA,NA
1723,NA,"Beverly Hills Supper Club, Southgate, Ky."
1373,NA,Helena
909,NA,Native Americans
1689,NA,Johns Hopkins
1666,NA,Florida
1236,NA,Kelly
1518,NA,"Muslims, Europe, France"
1148,NA,suburban high school students
2334,NA,NA
661,NA,NA
231,NA,NA
724,NA,NA
2271,NA,"Mariupol, Russia, Ukraine"
374,NA,NA
2508,NA,NA
2158,Fred Schulte,"Veterans Administration hospitals, government"
1324,NA,NA
1774,NA,Telfair County
1261,NA,a family
1631,NA,"the federal system, refugees, the U.S."
118,NA,"refugees, host countries"
548,NA,NA
227,NA,NA
2288,NA,Continental Trading Company
677,NA,NA
2322,NA,NA
1918,NA,NA
698,NA,NA
362,NA,"Los Angeles, government"
2267,NA,the city
732,NA,"Trump administration, Baltimore"
1762,NA,Key West
1298,NA,"a man, his son, the judge"
1332,NA,NA
948,NA,NA
1627,NA,NA
1277,NA,"Washington, D.C."
1559,NA,"military units, Buddhist villagers, Rohingya Muslims, Myanmar"
1109,NA,Dallas police officers
2375,NA,NA
620,NA,NA
270,NA,NA
765,NA,NA
2230,NA,"construction workers, Las Vegas Strip"
335,NA,NA
2119,NA,"Francis X Morrissey, Massachusetts"
1365,NA,NA
1735,NA,Braniff International Airlines
1220,NA,"migrants, Colombia, United States"
1670,NA,"unlicensed religious group-homes, children, state authorities"
159,NA,"New York City, terrorist attack"
509,NA,NA
1934,NA,America
1467,NA,"Israel, the Middle East"
1037,NA,"Nova Scotia, Cape Cod"
1522,NA,China
1172,NA,Texas medical center
1488,NA,"Mexican peso, Mexico"
1871,NA,"Professor Melvin Rader, Communist"
821,NA,NA
2477,NA,Moscow
122,NA,"ISIS, Mosul, Raqqa"
2027,NA,President Trump
88,NA,"Hurricane Katrina, New Orleans"
572,NA,NA
67,NA,the government
437,NA,NA
2498,NA,NA
2162,NA,"Kentucky, state, federal"
964,NA,"state, physician"
1060,NA,Amazon
1430,NA,Indo-Pakistan War of 1971
1963,NA,Formosan termite
319,NA,NA
749,NA,NA
1826,NA,"Indiana, police, prosecutors"
2359,NA,"University of Georgia, Georgia Institute of Technology"
1125,NA,NA
1575,NA,"Darién Gap, Colombia, Panama"
525,NA,America
2070,NA,"Lee Oswald, Jack Ruby"
175,NA,"a family, Oregon mountains"
2420,NA,Beijing
876,NA,"Darfur region, the Sudan"
1719,NA,Valerie Percy
899,NA,European debt crisis
1349,NA,"Dylann Roof, Emanuel AME Church, Charleston, S.C."
933,NA,"right-wing political extremists, United States"
2135,NA,NA
460,NA,NA
30,NA,county municipal court system
1975,NA,NA
1426,NA,Middle East War of 1967
1076,NA,NA
1563,NA,"banks, regulators"
1099,NA,"Ethiopia, Mexican"
1133,NA,Bosnia
1830,NA,"Mississippi governor, Brett Favre, NFL"
860,NA,"Harlem, Apollo Theatre"
499,NA,NA
2436,NA,South Africans
163,the paper,the United States
2066,NA,"Dictator Batista, Castro"
533,NA,NA
2089,NA,State of Iowa
26,NA,General Motors
476,NA,NA
2123,NA,Los Angeles City Government Commissions
925,NA,"Texas county jail, the state, local sheriff, judicial establishment"
1021,NA,"federal regulation, the Board"
1471,NA,"Persian Gulf region, Iraq, Kuwait"
1922,NA,NA
358,NA,"her hometown NFL team, her former governor’s office, the Catholic Church"
708,NA,NA
1888,NA,Bahamas
1867,the author,"three generations of Chinese women, her mother, grandmother"
2318,"Arthur Krock, The New York Times","President Truman, The Advisory Board on the Pulitzer Prizes"
1164,NA,"Eskimo villages, missionary"
1534,NA,Russia
564,NA,California
2031,NA,"Trump administration, coronavirus"
134,NA,U.S. Capitol
2461,NA,Southern California
837,NA,"state, Southeastern Pennsylvania Transit System, the nation"
1758,NA,NA
1308,NA,"Utica, Illinois"
972,NA,"Washington, D.C."
2174,Jane Schorer,NA
421,NA,NA
2524,a newspaper group,individual newspapers
71,NA,NA
6,NA,"Southlake, Critical Race Theory, Texas"
456,NA,NA
2103,"George Thiem, Roy J. Harris","Illinois newspapermen, Illinois State payroll, Illinois"
1685,NA,"Florida’s juvenile justice system, Florida"
905,NA,"Iowa, cosmetologists, dentists"
840,NA,an anti-homosexual constitutional amendment
1390,NA,Hurricane Hugo
2416,NA,Jessica McClure
143,NA,"Ukraine, Ukrainians, Russians"
2046,NA,"Elon Musk, Vladimir Putin"
513,NA,NA
1543,NA,"Rohingya, Myanmar"
1113,NA,"East Germans, West Germans, Berlin Wall"
1810,NA,police
790,NA,Florida
285,NA,NAACP
2380,NA,NA
1955,NA,military justice system
1406,NA,the Soviet Union
1056,NA,"U.S. federal court cases, qualified immunity, police"
1778,NA,"Chinese, United States, Red China"
1282,NA,"Buddhist monks, Tibet, Himalayas"
1328,NA,Afghanistan
952,NA,"an investment banker, October 19, 1987, stock market crash"
2154,Mark J. Thompson,"U.S. servicemen, Bell Helicopter, Army, Huey helicopters"
401,NA,NA
2504,NA,NA
51,NA,U.S.
544,NA,NA
2011,NA,NA
114,NA,Ukraine
2441,Associated Press,"Oklahoma City, fireman"
1797,NA,"Florida A&amp;M University, Florida A&amp;M University marching band, drum major, band leader, university president"
817,NA,NA
2292,NA,"Charles Lindbergh, Lindbergh"
1847,NA,Jamaica Bay
2338,NA,Maus
397,NA,"Buenos Aires, Argentina"
1144,NA,"President Clinton, Monica Lewinsky"
1514,NA,"Iraq war, citizens, soldiers"
1001,NA,NA
1451,NA,"Grenada, U.S."
1902,NA,NA
682,NA,NA
378,NA,"Gaza, Palestinian, Israel"
728,NA,Trump
47,NA,NA
2512,NA,"union officials, local union"
417,NA,NA
2142,NA,California
944,NA,America
1294,NA,Tennessee family
801,NA,NA
1781,NA,the Miami housing agency
2457,NA,"Northern Idaho, an armed white separatist, 300 law enforcement officers"
102,NA,Pakistan
2007,NA,Boston
552,NA,NA
1502,NA,"Chechnya, Russia"
1152,NA,"AIDS, the Caribbean"
381,NA,"Five Year Plan, Russia"
1851,NA,Sports of the Times
2284,NA,the sun
694,NA,NA
1914,NA,NA
1447,NA,Poland
1017,NA,western United States
1739,NA,Coalinga
1369,NA,Syria
913,NA,"inmate, corrections officers"
1693,NA,"New York City, taxi industry, state, federal"
2115,NA,"Panama City, Bay County"
440,NA,NA
10,NA,"abortion clinic, practitioners, patients"
505,NA,"Egypt, Ground Zero memorial"
2050,NA,NA
155,NA,Seton Hall University
2400,NA,"Sabra Camp, Beirut"
1386,NA,Yellowstone National Park
856,NA,"a rape victim, the jury"
786,NA,NA
1806,NA,state
2379,NA,Dacca
1105,NA,American farmers
1555,NA,"Vladimir Putin, British soil, American soil"
1040,NA,NA
1410,NA,NA
1943,NA,"America, the American middle class"
2396,NA,Reagan
339,NA,NA
293,NA,NA
769,NA,NA
84,NA,Florida
2181,NA,61 children
987,NA,Asian economic crisis
1607,NA,Buffalo
1257,NA,NA
1742,NA,"Pasadena, Texas"
1312,NA,NA
968,NA,NA
2494,NA,NA
591,NA,NA
1191,NA,"Kurds, ISIS, Syrian-Turkish border"
1938,NA,Exxon Valdez oil spill
342,NA,NA
2247,NA,Boston
712,NA,NA
1892,NA,"Judge Clement F. Haynesworth Jr., United States Supreme Court"
207,NA,Las Vegas
657,NA,NA
2302,NA,"U.S. Navy, Pharmacist's Mate, sailor"
1484,NA,Sarajevo
1200,NA,"Rohingya Muslims, Myanmar"
1650,NA,"American soldiers, Iraq, Congress, military"
483,NA,NA
179,NA,NA
529,NA,"Manhattan, Hudson Yards"
2093,NA,NA
196,NA,NA
2139,NA,Ku Klux Klan
1345,NA,"America, body politic"
895,NA,"America, Egypt"
1715,NA,"Chicago, SDS"
745,NA,Coolidge
2210,NA,"priests, Roman Catholic Church"
315,NA,NA
1596,NA,"lending institutions, Atlanta"
1579,NA,"Sudan, Sudanese forces"
1083,NA,NA
1129,Newhouse News Service,NA
2355,NA,"Pulitzer Board, Ukraine, Afghanistan, Gaza, Palestinians, Pulitzer Prizes"
600,NA,NA
1980,NA,NA
250,NA,NA
495,NA,NA
1216,NA,NA
1703,NA,"US government, Biden administration, federal government"
883,NA,America
1353,NA,"Indian “prince”, Partition of India"
929,NA,the president of the United States
180,NA,Hurricane Ike
2085,NA,NA
1580,NA,"U.S. servicemen, Bell Helicopter, Army"
1979,NA,"Mexican, Midwestern"
303,NA,NA
2206,"Sari Horwitz, Scott Higham, Sarah Cohen",District of Columbia
753,NA,NA
246,NA,NA
1996,NA,America
616,NA,NA
2343,NA,NA
1095,NA,"Ethiopia, Memorial Day"
1241,NA,Boeing 757
1611,NA,"Empire Blue Cross and Blue Shield, New York state"
991,NA,NA
138,NA,"Russia, Ukraine, Mariupol, news organizations, Ukrainian people"
2197,"Dolores Kong, Robert Whitaker","psychiatric researchers, mentally ill patients"
92,NA,"Gaza Strip, Palestinians"
568,NA,NA
587,NA,labor unions
2482,NA,"Columbians, Inc."
2178,NA,"Brock Adams, Washington"
1304,NA,Iraq
1754,NA,"Farview (Pa.) State Hospital, Pa."
1884,NA,"United States Supreme Court, reapportionment case, States of the Union"
704,The Journal News,"Westchester County, N.Y."
2251,NA,"American supermarkets and restaurants, perpetrators"
354,NA,"Americans, the nation"
1187,NA,"Oakland, African-American boys"
1538,NA,"Mexican, United States, U.S., Mexico"
1168,NA,NA
1492,NA,"Afghanistan, Taliban"
2314,NA,NA
641,NA,NA
211,NA,Marjory Stoneman Douglas High School
2415,NA,Haiti
140,NA,"a man, his deceased daughter, Turkey, Syria"
2045,NA,"police, officers"
510,NA,NA
1239,NA,Meg Casey
843,NA,NA
1669,NA,"New York Police Department, Muslim communities, Congress, Federal government"
1393,NA,The pandemic
1686,NA,"Virginia, Virginia’s parole board system"
906,NA,Boston
5,NA,American conservatives
455,NA,NA
2100,Howard M. Norton,Maryland
1405,NA,NA
1055,NA,U.S. government
2229,NA,NA
286,NA,Washington
2383,NA,Boston
1956,NA,"tobacco industry, ammonia"
639,NA,NA
1813,NA,the city
793,NA,"New Jersey, state government"
269,NA,NA
1540,NA,"Chinese government, prime minister, Chinese officials"
1110,NA,Japan
1794,NA,"public schools, the state"
814,NA,NA
547,NA,NA
2012,NA,"Army, Congress"
117,NA,migrant refugees
2442,NA,"Liberian, Monrovia"
2157,NA,NA
402,NA,NA
2507,NA,"United Automobile Workers, Ford, General Motors"
52,NA,U.S. tax code
1281,NA,Oklahoma City
951,NA,"Pentagon, government"
1901,NA,NA
681,NA,NA
1002,NA,"aneurysms, Americans"
1452,NA,"Jordan, King Hussein, Reagan administration, Middle East peace plan"
1147,NA,Kosovo
1517,NA,"American soldiers, Iraq"
2291,NA,"America Legion, Detroit"
1844,NA,"Georgia, mental institutions"
394,NA,Southwest Pacific
2454,NA,U.S. Senator John Heinz
101,NA,Gulf of Mexico
2004,NA,"debt collectors, borrowers, nation"
551,NA,NA
1278,NA,a woman
802,NA,NA
1782,NA,predatory teachers
1628,NA,"American government, beryllium industry, government"
947,NA,NA
1297,NA,September 11th
44,NA,"Chicago, Board"
2511,NA,"Fargo, June 20"
414,NA,NA
2141,NA,NA
1444,NA,Poland
1014,NA,NA
2268,NA,"Washington, January 6, 2021, the nation"
697,NA,NA
1917,NA,southwest United States
382,NA,United States
678,NA,NA
1852,NA,"Portland, municipal officials, International Brotherhood of Teamsters, Chauffeurs, Warehousemen and Helpers of America, Western Conference"
2287,NA,"Judge George W. English, U.S. Court for the Eastern District of Illinois"
228,NA,Hurricane Helene
1501,NA,"AIDS crisis, Africa"
1151,NA,"American, Florida, Broward County"
1385,NA,"state, legislation"
855,NA,NA
506,NA,dance
2053,the AP,NA
156,NA,"federal agents, Elian Gonzalez, Miami, Cuban father"
2403,NA,NA
2116,NA,NA
443,NA,NA
13,NA,NA
910,NA,restaurant workers
1690,NA,"University of Southern California, gynecologist, young women"
1940,NA,NA
2395,NA,Haitian
290,NA,NA
1043,NA,the Board
1413,"Salisbury, Times","Russia, American"
1106,NA,"Veterans Day, Vietnam Veterans Memorial, Washington, D.C."
1556,NA,"Philippines President Rodrigo Duterte, Philippines"
785,NA,NA
1805,NA,NA
2497,"Arthur Krock, The New York Times","The Advisory Board on the Pulitzer Prizes, President Truman"
438,NA,NA
592,NA,NA
68,NA,"Brandi Chastain, Women's World Cup Soccer Final"
1741,NA,"police, South Philadelphia"
1311,NA,"Marine, Iraq"
984,NA,Human Genome Diversity Project
1604,NA,University of South Carolina foundation
1254,NA,NA
87,NA,"Israel, Gaza"
2028,NA,"California utility, Paradise"
2182,Eileen Welsome,"Americans, government"
2478,NA,NA
1487,NA,"Zaire, Ebola virus"
204,NA,"Pulse nightclub, party-goers, police, victims"
654,NA,NA
2301,NA,"California, Oregon"
341,NA,"Hurricane Sandy, gay college student"
2244,NA,"National Security Agency, government, the public"
711,NA,America
1891,NA,national parks
1038,NA,"pharmaceutical companies, patients, taxpayers"
1468,NA,"Soviet Union, communist bloc, Gorbachev"
1192,NA,West Africa
1346,NA,"Marine, PTSD"
896,NA,Illinois
1716,NA,Kent State University
2090,this newspaper,"St. Louis, election board"
195,NA,Washington Navy Yard
480,NA,NA
1203,NA,"youngest face transplant recipient, U.S."
879,the paper,NA
1653,NA,"the state's two-year college system, the chancellor, the Board"
2356,"Chuck Stone, Philadelphia Daily News","Civil Rights Movement, National Association of Black Journalists"
603,NA,NA
1983,NA,methamphetamines
1829,NA,"police force, Brookside, residents, police chief, state"
253,NA,NA
1080,NA,blizzard of 1978
1595,NA,NA
746,NA,The South
2213,"Christine Willmsen, Maureen O'Hagan",NA
316,NA,developing world
183,NA,NA
479,NA,NA
29,NA,"Michigan, House Fiscal Agency"
2086,NA,"New York City, Joseph V. McKee"
1700,NA,"the city, government"
880,NA,Hurricane Katrina
1350,NA,"South Carolina, 14-year-old black boy, two white girls"
1645,NA,public officials
1215,NA,"Ukrainians, Russian"
2069,Associated Press,Venezuela
2439,NA,Chechnya
496,NA,NA
1096,NA,dying girl
245,NA,NA
1995,NA,"Environmental Protection Agency, nation"
615,NA,NA
2340,NA,NA
300,NA,NA
2205,NA,"the nation, America"
750,NA,NA
1079,NA,Rhodesia
1583,NA,"Congressman Bill Boner, U.S. Justice Department"
1429,NA,Republic of South Africa
1307,NA,"students, alternative high school"
1757,NA,NA
584,Mr. Fitzpatrick,"Uncle Sam, French, Indo-China"
2481,NA,"Tidewater Oil, Edwin W. Pauley, Navy"
2194,"Sonia Nazario, Clarence Williams",NA
91,NA,"Jewish woman, Israeli security forces, settlers, West Bank"
1242,NA,Jennifer Brandt
838,NA,NA
1612,NA,Rhode Island court system
992,NA,"human genome, DNA"
2317,NA,Archbishop Stepinac
642,NA,NA
1868,NA,State Department
212,NA,"Pittsburgh, Tree of Life synagogue"
1491,NA,"struggling families, children"
1184,NA,NA
1887,NA,"Selma, Ala."
707,NA,NA
2252,NA,State of Texas
357,NA,"Alabama, politicians, women"
320,NA,Hurricane Katrina
2225,NA,"New York railroad, the railway"
770,NA,NA
1059,NA,James Webb Space Telescope
1409,NA,Korean War
265,NA,NA
635,NA,NA
2360,NA,"Billy Graham, Pope John Paul II, the Catholic Church in Africa"
1665,NA,state
1235,NA,"the nation's largest burn treatment center, Seattle, Wash."
2049,AP,NA
2419,St. Louis Post-Dispatch,"a firefighter, a child"
459,NA,NA
9,NA,"police, judges, prosecutors"
1720,NA,NA
1370,NA,"Parkland high school, Parkland high school shooter"
727,NA,NA
2272,NA,"AR-15 semi-automatic rifle, America, the Board"
377,NA,"Southwest, Latinos"
398,NA,Russia
2337,NA,Pulitzer Prize Board
662,NA,NA
1848,NA,Louis Hoffner
232,NA,NA
1262,NA,her father
818,NA,NA
1798,NA,NA
1632,NA,practicing doctors
1327,NA,Atlantic Ocean
1777,NA,Bureau of Internal Revenue
361,NA,sports world
2264,NA,"Breonna Taylor, Louisville"
731,NA,"Trump, Democrats"
1018,NA,Great Lakes
1448,NA,"Cambodia, Vietnam, East Timor"
224,NA,city officials
674,NA,NA
2321,Lester Markel,NA
1624,NA,NA
1274,NA,"a local businessman, prostitutes"
2008,NA,NA
2458,NA,NA
418,NA,NA
48,NA,Internal Revenue Service
1761,NA,Boston
1331,NA,NA
766,NA,NA
2233,Daniel Gilbert,"thousands of land owners, southwest Virginia, state lawmakers"
336,NA,America
2399,NA,"Miracle Valley, Ariz."
2376,NA,NA
623,NA,NA
1809,NA,"local school board, county schools, community, the Board, Public Service"
789,NA,NA
273,NA,NA
1223,NA,"Sednaya prison, Syria, Assad"
859,NA,America
1673,NA,"parents, children, governmental"
1389,NA,NA
1366,NA,"her disabled aunt, her family"
1736,NA,Ginna nuclear power plant
658,NA,NA
1872,NA,"President Truman, General of the Army Douglas MacArthur, Wake Island"
208,NA,Hurricane Harvey
1521,the newspaper,Iraq
1171,NA,NA
1464,NA,Israel
1034,NA,Colorado
2248,NA,South Carolina
1937,NA,"American blood industry, governmental"
967,NA,New York state
64,NA,"patients, families, physicians, cancer survivors"
434,NA,NA
2161,NA,"the state, the Board"
2474,NA,NA
121,The New York Times,"the Philippines, nominating jury"
2024,The New York Times,"Russia, Trump"
571,NA,British
1258,NA,South Africa
822,NA,FDA
1608,NA,Nuclear Regulatory Commission
988,NA,"a mentally ill man, a woman, subway train, mental health care system"
1126,NA,NA
1576,NA,"Hamas, Israel, Israeli military, Gaza"
1825,NA,Florida
1960,NA,"Church of Scientology, Internal Revenue Service"
1063,NA,"Uvalde, Texas"
1599,NA,St. Paul fire department
1433,NA,"Africa, India"
2136,NA,"Church of Scientology, the Board"
199,NA,NA
463,NA,NA
33,NA,"Washington, national scene"
930,NA,"Louisiana, people of Louisiana, state’s attorney general"
875,NA,California
526,NA,NA
2073,NA,"James Meredith, Mississippi"
176,NA,the Bronx
2423,NA,"Bay Area, October 17, 1989"
619,NA,NA
1999,NA,"Toyota, Congress"
1833,NA,"Black girls and women, Chicago, police department"
249,NA,NA
1560,NA,"Hong Kong, China"
1130,NA,NA
1425,NA,Indonesia
1075,NA,"American, North Vietnam"
2209,"Norman Sinclair, Ronald Hansen, Melvin Claxton","a criminal justice system, lawbreakers"
1976,NA,Arthur Andersen
926,NA,U.S. Park Police
25,NA,NA
475,NA,NA
2120,NA,"Kentucky strip mining industry, Kentucky"
2435,NA,"U.S. soldier, Mogadishu, Somalis"
160,NA,Washington-Baltimore region
2065,NA,child
530,NA,NA
1219,NA,"President Vladimir Putin, Russia, Ukraine"
863,NA,NA
1649,NA,"Washington, Jack Abramoff, congressional"
1167,NA,"Central Americans, America, Mexican freight trains"
1537,NA,East Africa
1864,NA,"the author’s 20-year-old sister, a former boyfriend"
1921,NA,1984 Presidential campaign
1022,NA,the military
1472,NA,"Kuwait, Iraqi authorities"
1188,NA,food stamp program
2177,Tom Knudson,"Sierra Nevada mountain range, California"
422,NA,NA
588,NA,Nobel Prize
72,NA,"Palestinian youth, Israeli soldiers"
971,NA,NA
834,NA,NA
567,NA,NA
2032,NA,"nursing home residents, coronavirus pandemic, government officials"
2198,NA,city police officers
137,NA,"Ukrainian mother, her two children, a church member, Kyiv, Russia"
2462,NA,"Manhattan, World Trade Center"
2176,"Mike Casey, Russell Carollo",NA
423,NA,NA
589,NA,NA
73,NA,"U.S. federal agents, Elián Gonzalez, Miami"
970,NA,NA
835,NA,American Jewish community
566,NA,NA
2033,NA,"K-9 units, police dogs, Americans, innocent citizens, police officers"
136,NA,"Sri Lanka, protesters, police"
2199,"Mark Fazlollah, Craig McCoy, Michael Matza, Clea Benson",Philadelphia police
2463,NA,Colorado
1166,NA,NA
1536,NA,Libya
1865,the author,New York City
1920,NA,"CIA, Nicaraguan rebels, Congress"
1023,NA,"Medicare, government"
1473,NA,Germany
1189,NA,Boston Marathon
927,NA,America
24,NA,Los Angeles
474,NA,NA
2121,NA,Wisconsin
2434,NA,Southern California
161,NA,"Washington, D.C."
2064,NA,"policeman, two-year-old boy"
531,NA,L.A. County Museum of Art
1218,NA,"Africa, world"
862,NA,Missouri
1648,NA,federal government
1998,NA,Goldman Sachs
618,NA,NA
1832,NA,Mississippi sheriffs and their officers
248,NA,NA
1561,NA,"China, Muslims"
1131,NA,Rwanda
1424,NA,Vietnam
1074,NA,NA
2208,NA,"Escambia County, Fla., county commissioners"
1977,NA,corporate America
198,NA,NA
2137,NA,police
462,NA,NA
32,NA,"Washington D.C., Federal Government"
931,NA,NA
874,NA,NA
527,NA,"Frankenstein, Ruth Bader Ginsburg"
2072,NA,Vietnam
177,NA,Larry Craig
2422,NA,"China, Eastern Europe"
1127,NA,"Middle East, Arabs, Jews, Israel"
1577,"Evan Gershkovich, his colleagues","Russian intelligence agency, Russia’s secret services, Russia"
1824,NA,sheriff
1961,NA,"U.S. military, post-Cold War world"
1062,NA,"Trump administration, current administration"
1598,NA,"America, federal prisons, Congress"
1432,NA,"Soviet Union, Eastern Europe"
966,NA,"Jeffersonian, America"
65,NA,"heart-defibrillator, patients"
435,NA,NA
2160,"Andrew Schneider, Matthew Brelis",FAA
2475,NA,"Washington, London, Sicily, Italy, France"
120,NA,"Iraq, Americans"
2025,NA,"Trump administration, federal government"
570,NA,NA
1259,NA,New York City
823,NA,"the Bronx, N.Y. community"
989,NA,NA
1609,NA,"motorists, minorities, sheriff's drug squad"
659,NA,NA
1873,NA,"President-elect Eisenhower, Morningside Heights, New York, Korea"
209,NA,"Santa Rosa, Sonoma County"
1520,NA,Lebanon
1170,NA,"Agent Orange, Vietnam War"
1465,NA,the Board
1035,NA,U.S. Supreme Court
2249,NA,"a major oil company, climate change"
1936,NA,members of Congress
1222,NA,Gaza
858,NA,Long Island
1672,NA,"Wal-Mart, Mexico"
1388,NA,"county manager, official"
1367,The New York Times Magazine,"Texas, Dungeons & Dragons"
1737,NA,NA
767,NA,NA
2232,NA,"California, nurses"
2398,NA,Detroit
337,NA,his own father
2377,NA,Cornell University
622,NA,NA
788,NA,NA
1808,NA,local drug sting
272,NA,NA
1625,NA,"American population control advocates, Third World countries"
1275,NA,"District of Columbia, Rush Limbaugh"
2009,NA,NA
2459,NA,"Los Angeles, Los Angeles riots"
419,NA,NA
49,NA,University of Minnesota
1760,NA,NA
1330,NA,"woman, partner"
360,NA,Missourians
2265,NA,"coronavirus pandemic, U.S., local governments, healthcare providers, businesses, individuals"
730,NA,Trump administration
1019,NA,NA
1449,NA,"Israeli, Beirut"
225,NA,"Maui wildfires, officials"
675,NA,NA
2320,NA,"Kansas, Northwestern Missouri"
1263,NA,NA
1799,NA,NA
819,NA,NA
1633,NA,Food and Drug Administration
1326,NA,Afghanistan
1776,NA,"Howard Unruh, Camden, N.J."
726,NA,NA
2273,NA,Social Security Administration
376,NA,America
2336,NA,American music
399,NA,Television
663,NA,NA
1849,NA,"C. Wesley Roberts, Republican National Chairman"
233,NA,NA
1664,NA,Americans
1234,NA,the federal bureaucracy
2048,NA,Ford
2418,NA,"Ramstein, West Germany, Italy"
458,NA,NA
8,NA,NA
1721,NA,"two men, Florida"
1371,NA,"Baptist pastor and small town mayor, right-wing news site"
321,NA,Darfur
2224,NA,"business executives, corporate America"
771,NA,NA
1058,NA,"Tulsa, Black"
1408,NA,"Moscow, Russia"
264,NA,NA
634,NA,NA
2361,NA,"Mark Twain, Mississippi River, Huckleberry Finn"
2316,NA,"Dr. Fackenthal, the University, Nicholas Murray Butler"
643,NA,NA
1869,NA,"Truman administration, federal civilian agencies"
213,NA,California
1490,NA,"Rwanda, South Africa, El Salvador, Guatemala"
1185,NA,people
706,NA,NA
1886,NA,"President Lyndon B. Johnson, his family"
2253,NA,pharmacies
356,NA,"California, the state"
1306,NA,America
1756,NA,"Blue Coal Company, organized crime"
585,NA,"Achilles, American"
2480,NA,Dumbarton Oaks
2195,NA,"its community, the city, the newspaper plant"
90,NA,"Israel, Hezbollah"
1243,NA,"family, man, daughter"
839,NA,"battered women, Kentucky"
993,NA,NA
1613,NA,District of Columbia police department
1097,NA,Ethiopia
244,NA,NA
614,NA,NA
1994,NA,America
2341,NA,NA
301,NA,NA
2204,NA,U.S. Immigration and Naturalization Service
751,NA,Nebraska
1078,NA,Armed Forces Day parade
1582,NA,"Pasco County Sheriff John Short, voters"
1428,NA,"Vietnam War, My Lai"
182,NA,"Washington, Fort Hood, Texas"
478,NA,NA
2087,NA,"Jackson County, Oregon"
28,NA,NA
881,NA,"Oregon, mental hospital"
1701,NA,"state, juvenile justice system"
1351,NA,Texas
1644,NA,"American soldiers, insurance companies, investment firms, lenders"
1214,NA,"COVID, India"
2068,NA,NA
497,NA,New England
2438,NA,Haiti
2357,NA,NA
1982,NA,"American soldiers, Abu Ghraib prison, Iraq"
602,NA,NA
1828,NA,NA
252,NA,NA
1081,NA,Cambodia
1594,NA,Virginia
747,NA,NA
2212,NA,"the state's criminal justice system, victims, defendants"
317,NA,NA
1347,NA,NA
1717,NA,"Attica, New York"
897,NA,President Obama
2091,NA,Dust Bowl
194,NA,"Aurora, Colo., Twitter, Facebook"
481,NA,NA
1202,NA,"Rohingya refugees, Myanmar, the Board"
878,NA,"California, Hetch Hetchy Valley"
1652,NA,NA
1486,NA,Rwanda
205,NA,"five police officers, nine others"
655,NA,NA
2300,NA,George Scalise
340,NA,"women, Alaska"
2245,NA,National Security Agency
1890,NA,NA
710,NA,NA
1039,NA,law enforcement
1469,NA,"East Germany, West Germany, Eastern Europe"
1193,NA,Massachusetts
439,NA,NA
2496,NA,Archbishop Stepinac
593,NA,NA
69,NA,World Trade Organization
1740,NA,Baby Jane Doe
1310,NA,"New Orleans, New York City"
1605,NA,Texas police
985,NA,Washington state
1255,NA,"three brothers, Missouri"
2029,NA,"Boeing 737 MAX, government"
86,NA,"New Orleans, Hurricane Katrina"
2183,NA,NA
2479,NA,NA
1941,NA,medical examiners
2394,NA,Reagan
291,NA,NA
1042,NA,"Chattanooga, the South"
1412,NA,"Korean War, cease-fire, prisoner-of-war exchanges"
1107,NA,Philadelphia
1557,New York Times,"International Reporting Pulitzer jury, Canadian authorities, Pulitzer Prize Board"
1804,NA,Chicago suburb
784,NA,NA
1384,NA,"Massachusetts, Massachusetts prison furlough system"
854,NA,NA
507,NA,NA
2052,NA,"Marines, Mount Suribachi, Iwo Jima"
157,NA,September 11th
2402,NA,NA
2117,NA,"Florida Turnpike Authority, the State"
442,NA,McMartin Pre-School
12,NA,NA
1691,NA,Amazon
911,NA,Freddie Gray
1445,NA,U.S.
1015,NA,NA
2269,NA,"fentanyl, government"
1916,NA,NA
696,NA,NA
383,NA,"Russia, Five Year Plan"
679,NA,NA
1853,NA,"Washington, D.C., public and private agencies"
229,NA,"Donald Trump, Secret Service, local law enforcement"
2286,NA,"Sand Cave, Kentucky, Floyd Collins"
1500,NA,"Russian, Chechnya"
1150,NA,"two students, Seton Hall University"
2455,NA,"Martha's Vineyard, Hurricane Bob"
100,NA,NA
2005,NA,"federal regulators, nuclear power plants"
550,NA,NA
1279,NA,Oklahoma City
1783,NA,state
803,NA,NA
1629,NA,"pharmaceutical companies, doctors, patients"
946,NA,"Strategic Defense Initiative, Star Wars"
1296,NA,"Sudanese, U.S., American"
45,NA,"United Nations Special Commission, Iraqi"
2510,NA,"Washington, D.C., public agencies, private agencies"
415,NA,NA
2140,NA,Los Angeles County
680,NA,NA
1900,NA,NA
1003,NA,NA
1453,NA,Lebanon
1146,NA,Liberty City
1516,NA,"Rwanda, Tutsi tribe"
2290,NA,"Amarillo, Texas"
1845,NA,"Leonard Warren, Metropolitan Opera"
395,NA,NA
815,NA,NA
1795,NA,state
546,NA,NA
2013,NA,Florida State University
116,NA,"Baltimore, Freddie Gray"
2443,NA,Russian President Boris Yeltsin
2156,NA,"Jackson County Jail, Marianna, Florida, prison inmates, jailers, prison guards"
403,NA,Book World
2506,NA,"Veterans' Land Program, Texas, state"
53,NA,"Massachusetts Institute of Technology, Harvard University"
1280,NA,America
950,NA,NA
1404,NA,ICU
1054,NA,"Chinese government, Muslims, Board"
287,NA,New York City
2228,NA,"PolitiFact, Board"
2382,NA,NA
1957,NA,NA
638,NA,NA
792,NA,NA
1812,NA,"Brigham Young University, Utah"
268,NA,NA
1541,NA,al-Qaida
1111,NA,"Southwestern High School, Detroit"
2414,NA,Pennsylvania
141,NA,"Israel, Hamas, Gaza"
2044,NA,"Hurricane Helene, western North Carolina, conspiracy theorists, residents"
511,NA,NA
1238,NA,"a young boxer, his manager"
842,NA,Kentucky legislature
1668,NA,Washington State
1392,NA,Bay Area
907,NA,NA
1687,NA,Alabama
4,NA,Qasem Soleimani
454,NA,NA
2101,NA,"Centralia, Illinois"
2389,NA,"girl, car, street demonstration, Beverly Hills"
326,NA,NA
776,NA,NA
2223,Brett Blackledge,"state's two-year college system, chancellor, the Board"
799,NA,NA
1819,NA,"Amish, Mennonite"
263,NA,NA
2366,NA,"Spendthrift Farm, Kentucky"
633,NA,NA
1663,NA,"police narcotics squad, FBI"
1399,NA,NA
1233,NA,NA
849,NA,NA
1726,NA,blizzard of 1979
1376,NA,MOVE
2274,NA,"Supreme Court, justices, billionaires"
721,NA,NA
371,NA,"U.S., racial minorities, jury"
1458,NA,"President Marcos, the Philippines, the United States"
1008,NA,"United States government, Yemen"
664,NA,NA
2331,NA,"Africa, America"
234,NA,NA
1264,NA,NA
1634,NA,"local cancer research center, patients, doctors"
2448,NA,"Hurricane Mitch, Central America"
2018,NA,"police, victims"
58,NA,NA
408,NA,television
1321,NA,NA
1771,NA,"Boeing 757, Board"
367,NA,Indigenous Pacific Island communities
737,NA,Native American
2262,NA,Alaska
1858,NA,"Billie Sol Estes, United States government"
222,NA,"Supreme Court, Roe v. Wade, states"
2327,NA,George Washington
388,NA,Europe
672,NA,NA
1622,NA,"Rev. Henry Lyons, National Baptist Convention"
1272,NA,NA
1788,NA,"Fort Carson, Iraq"
808,NA,NA
1767,NA,NA
1337,NA,NA
2235,"Daniel Golden, John Hechinger, John Lauerman","for-profit colleges, low-income students, federal"
760,NA,NA
330,NA,"2008 presidential campaign, first African-American president"
1419,NA,"Congo crisis, Africa"
1049,NA,America
625,NA,NA
2370,NA,elderly Americans
275,NA,"Gulf War, Mikhail Gorbachev"
1225,NA,NA
1675,NA,"lawyers, doctors, coal miners"
2409,NA,"Mexico City, Mexico City earthquake"
2059,NA,Adlai E. Stevenson
19,NA,"U.S. Naval Academy, congressional, naval"
449,NA,NA
1360,NA,"U.S., Afghanistan, Afghan women"
1730,Roger A. Werth,Mt. St. Helens
1527,NA,"females in the developing world, women and girls"
1177,NA,"Army, Iraq"
1874,NA,"FBI, White House, Harry Dexter White, Senate, J. Edgar Hoover"
1931,NA,"Federal Indian programs, Senate"
1462,NA,"South Africa, African National Congress"
1198,NA,Chicago
1032,NA,NA
598,NA,NA
62,NA,United States
2167,NA,native Alaskans
432,NA,NA
961,NA,NA
824,NA,first major immigration reform act
127,NA,"Dallas, Earle Cabell Federal Building, federal courts"
2188,"Ginger Thompson, Gary Cohn","Honduran army unit, CIA"
2472,NA,British Mediterranean Fleet
577,NA,NA
2022,NA,"truckers, America, companies"
1823,NA,Los Angeles County
259,NA,NA
1989,NA,Texas
609,NA,NA
1120,NA,"U.S., Mexican"
1570,NA,"U.S., Iraq, Syria, Afghanistan, Board"
1065,NA,"our legal system, communities of color"
1435,NA,Indochina
1966,NA,"Mexican women, North Carolina, crab shacks"
2219,NA,"state, governor, state officials"
936,NA,"Pittsburgh, the city"
465,NA,NA
2130,NA,"Teamsters Union, Alaska"
35,NA,"the state, Medicaid health maintenance organizations"
2075,NA,NA
520,NA,NA
2425,NA,"Avianca Flight 52, Cove Neck, New York"
170,NA,"a prisoner, a deputy sheriff, a judge"
1659,NA,"retired generals, Pentagon, Iraq, companies"
1209,NA,"coronavirus, Brazil, Amazon, indigenous people"
873,NA,American
1566,NA,"Chinese government, the Board"
1136,NA,Venezuela
1835,NA,"Washington state government, salmon, tribal treaty rights"
1970,NA,NA
1423,NA,"Russia, Eastern European, West"
1073,NA,Vietnam War
1589,NA,"Philadelphia court system, federal, state"
23,NA,The Monkey Wars
189,NA,Congresswoman Gabrielle Giffords
2126,NA,Pentagon Papers
473,NA,NA
920,NA,NA
865,NA,NA
166,NA,Florida
2433,The New York Times,"Sudanese girl, Sudan"
536,NA,NA
2063,NA,Andrea Doria
1862,NA,NA
218,NA,"George Floyd, police, Minneapolis"
648,NA,NA
1161,NA,NA
1531,NA,"Iraq, United States"
1024,NA,NA
1474,NA,"Peru, Mexico"
1927,NA,"Challenger explosion, America, space program"
2258,NA,NA
977,NA,NA
424,NA,NA
2171,NA,"city, local government"
74,NA,"three firefighters, American flag, World Trade Center towers"
2521,NA,"Dead Horse Point, Utah"
2034,NA,NA
561,NA,NA
2464,NA,"city police department, city, Harlem precinct"
131,NA,"coronavirus, Indonesian hospital"
998,NA,Wisconsin
1618,NA,a leading research university hospital
1248,NA,Flight 191
832,NA,NA
845,NA,"3-year-old boy, abusive mother, Illinois child welfare system"
1395,NA,"Chinese, Uyghurs"
146,NA,Brooklyn
2413,NA,Ferdinand Marcos
516,NA,NA
2043,NA,"The Board, Public Service category, America"
3,NA,Chicago
2106,NA,Ku Klux Klan
453,NA,NA
1680,NA,"consumers, employees, court"
900,NA,"the state, government officials"
280,NA,"South Central Los Angeles, riots"
1950,NA,"Americans, government"
2385,NA,NA
1403,NA,San Diego
1053,NA,NA
1546,NA,"Ebola, Africa, authorities"
1116,NA,NA
1815,NA,greater Cincinnati
795,NA,NA
2014,NA,"Senate Intelligence Committee, CIA, government"
541,NA,Tár
2444,NA,"firefighter, teenager"
111,NA,Boston Marathon
1638,NA,"Algerian boy, terrorist"
1268,NA,NA
1792,NA,patients
812,NA,"Haitian immigrants, federal officials"
1287,NA,Washington
957,NA,Third World countries
404,NA,his
2151,NA,"southern California, Latino community"
54,"Mr. Kelley, USA Today",NA
2501,Lester Markel,NA
1004,NA,NA
1454,NA,"Indira Gandhi, India"
1907,NA,NA
687,NA,Doonesbury
2278,NA,German Empire
1842,NA,Fargo
238,NA,NA
2297,NA,"Mr. Justice Hugo L. Black, Ku Klux Klan"
392,NA,"Pulitzer Prize, Trustees, Advisory Board, American news reporters, Europe, Asia, Africa"
668,NA,NA
1141,NA,NA
1511,NA,"American soldiers, Iraq"
804,NA,NA
1784,NA,"county employees, key figures"
107,NA,"Gaza, Israel"
2452,NA,Metropolitan Airport
557,NA,NA
2002,NA,"Deepwater Horizon oil rig, Gulf of Mexico, government, major corporations"
2517,NA,American
42,NA,"sport utility vehicles, light trucks"
2147,NA,"Washington Public Power Supply System, WPPSS"
412,NA,NA
941,NA,"Wausau, Hmong"
1291,NA,"Macedonian refugee camp, France"
691,NA,NA
1911,NA,President Reagan
1442,NA,"Afghanistan, Afghanistan rebellion"
1012,NA,"New Englanders, ice fishermen, blueberry farmers"
1507,NA,Afghanistan
1157,NA,"Iraq, Breaking News Photography category"
384,NA,"German, Adolph Hitler"
2281,NA,President Wilson
1854,NA,NA
2055,NA,Babe Ruth
500,NA,NA
2405,NA,"Mary Decker, Zola Budd, 1984 Olympics"
150,NA,"state lottery worker, four supervisors"
1679,NA,"corrections officers, inmates, New York state"
1383,NA,"Cuban inmates, Atlanta Federal Penitentiary"
1229,NA,NA
853,NA,NA
916,NA,"corporate agricultural interests, Iowa"
1696,NA,"state governments, truck drivers"
445,NA,NA
2110,NA,"State Auditor of Illinois, Illinois, State Auditor"
15,NA,"upstate New York, young women"
1045,NA,NA
1415,NA,"Hungarian revolt, Communist domination, Russian, Budapest, Soviet, Hungarian people, Hungary"
2393,NA,Liberia
1946,NA,"pharmaceutical industry, United States"
296,NA,Brooklyn
2239,NA,"children, teachers, students"
783,NA,NA
1803,NA,Oklahoma
279,NA,NA
629,NA,NA
1100,NA,American farmer
1550,NA,"multinational corporations, poorer nations"
1747,NA,"Alabama, prisoners"
1317,NA,NA
2491,NA,"Tidewater Oil, Edwin W. Pauley, Navy"
594,NA,NA
81,NA,Iraq
2184,NA,NA
982,NA,United States Supreme Court
1602,NA,NA
1252,NA,crack
828,NA,NA
1878,NA,"Central High School, Little Rock, Arkansas"
202,NA,Walter Scott
2307,NA,Auburn prison
652,NA,NA
1481,NA,former Yugoslavia
1194,NA,church
347,NA,"cable television, ISIS"
717,NA,NA
1897,NA,President Nixon
2242,NA,"off-duty police officers, citizens"
2096,NA,"The Nebraska plan, daily newspapers"
39,NA,"Boeing 737, FAA"
193,NA,NA
469,NA,NA
1340,NA,"California, Central Valley"
890,NA,"statehouse, governor's office"
1710,NA,NA
1205,NA,"Yemen, jury"
1655,NA,Congress
486,NA,NA
2429,NA,"Russia, Communist regime"
2079,NA,Florida
1086,NA,Jackson (Mich.) State Prison
605,NA,NA
1985,NA,"American soldiers, Iraq"
2350,"Pulitzer Prize Board, Ida B. Wells Society for Investigative Reporting","Nikole Hannah-Jones, Ron Nixon, Corey Johnson, Topher Sanders, Ida B. Wells Scholarship Fund, Craig Newmark Graduate School of Journalism, City University of New York"
255,NA,NA
2215,NA,NA
740,NA,NA
310,NA,"government, Rhode Island"
1439,NA,NA
1069,NA,NA
1593,NA,NA
1706,NA,"insurance companies, Medicare Advantage"
886,NA,Texas
1356,NA,"Guantanamo Bay detention facility, America, war on terror"
185,NA,Chicago
2080,NA,"Ku Klux Klan, Negro, public officials"
490,NA,NA
1643,NA,"Tiger Force, U.S. Army, Vietnam War"
1213,NA,"a mother, daughter"
869,NA,mentally ill people
1839,Mrs. Brown,Duval County
243,NA,NA
2346,NA,NA
1993,NA,Vice President Dick Cheney
613,NA,NA
1090,NA,Chicago
1585,NA,"University of Kentucky, NCAA"
306,NA,NA
756,NA,NA
2203,NA,"AIDS plague, Africa"
582,NA,NA
78,NA,"Washington, D.C."
428,NA,NA
2487,NA,NA
1301,NA,"Honduran boy, mother, United States"
1751,NA,New York Medicaid program
1244,NA,a blind boy
1614,NA,Ohio
994,NA,international migrants
2192,NA,NA
2468,NA,NA
2038,NA,"New Mexico, Texas, Mexico, Houston, individuals, women, girls"
97,NA,"Hurricane Ike, Haiti"
1497,NA,"American embassies, Africa"
644,NA,NA
2311,NA,Oklahoma
214,NA,"El Paso, Texas, Dayton, Ohio"
2254,Sarah Ryley,"police, minorities"
1881,NA,Congress of the United States
701,NA,nation
351,NA,Boston
1478,NA,former Soviet Union
1182,NA,"North Korea, Kim Jong Il"
1028,NA,"Asian carp, Great Lakes, nation, inland waters"
1496,NA,Russia
645,NA,NA
2310,NA,"Mr. White, Graduate School of Journalism, Columbia University, Mrs. William Allen White"
215,NA,"Kentucky, governor, Local Reporting"
2255,NA,"state government, law enforcement agencies, child welfare services, government"
700,NA,NA
1880,NA,Florida
350,NA,Los Angeles
1479,NA,"Croatia, Bosnia-Herzegovina"
1183,NA,Iraq
1029,NA,NA
583,NA,"Death, Stalin, Joseph"
79,NA,Colorado
2486,NA,the Solomons
429,NA,NA
1300,NA,NA
1750,NA,"Boys Town, Nebraska"
1245,NA,NA
995,NA,"Ground Zero, lower Manhattan, World Trade Center towers"
1615,NA,local police
2193,Duff Wilson,heavy industries
2469,NA,"police, John DuPont"
96,NA,"Sichuan, China"
2039,NA,"Roe v. Wade, Texas"
1838,NA,NA
242,NA,NA
2347,NA,NA
612,NA,NA
1992,NA,"CIA, American"
1091,NA,NA
1584,NA,Henry Lee Lucas
307,NA,New York City
757,NA,NA
2202,AP,NA
887,NA,governor
1707,NA,"police officers, victims, country"
1357,NA,"Americans, South Florida, the pandemic"
184,NA,NA
2081,NA,"city authorities, criminal element, Mr. Don R. Mellett"
491,NA,NA
1642,NA,"American workers, employers, the Board"
1212,NA,NA
868,NA,the city
1087,NA,NA
1984,NA,corporate
604,NA,NA
2351,women and men of Afghanistan,Committee to Protect Journalists
254,NA,NA
2214,"David Barstow, Lowell Bergman","American workers, employers, the Board, Investigative Reporting category"
741,NA,NA
311,NA,NA
1438,NA,China
1068,NA,"United States, Afghanistan, militia, Taliban"
1592,NA,"Chicago, City Council"
38,NA,Dallas
2097,NA,NA
192,NA,"Newtown, Conn."
468,NA,Chicago
1341,NA,Queens
1711,NA,Watts riots
891,NA,"local government, citizens"
1204,NA,NA
1654,NA,NA
2428,NA,"Albanian refugees, Italy"
487,NA,NA
2078,NA,Ku Klux Klan
1879,NA,NA
203,NA,San Bernardino
2306,NA,U.S.
653,NA,NA
1480,NA,"Sarajevo, Bosnia-Herzegovina"
1195,NA,NA
346,NA,"Ukraine, Russia"
1896,NA,President Nixon
716,NA,America
2243,NA,"Long Island police officers, grand jury"
1746,NA,"St. Louis Steamfitters Union, Local 562"
1316,NA,"grizzly bear, two victims"
2490,NA,Dumbarton Oaks
595,NA,NA
80,NA,Liberia
2185,NA,NA
1603,NA,"Rochester Institute of Technology, CIA"
983,NA,tobacco industry
1253,NA,"Miami police department, South Florida"
829,NA,"broad-form deeds, the state, voters"
1044,NA,United States
1414,NA,Soviet Union
2392,NA,"Jim Craig, 1980 Olympics"
1947,NA,Bill Clinton
2238,"Danny Hakim, Russ Buettner",New York State
297,NA,NA
1802,NA,the city
782,NA,Mississippi
278,NA,NA
628,NA,NA
1101,NA,South Africa
1551,NA,Turkey
2054,NA,"Boy Gunman, Hostage"
501,NA,NA
2404,NA,"Lebanon, people of Lebanon"
151,NA,"cargo ship, official agencies"
1678,NA,"lobbyists, congressional leaders, state attorneys general, the wealthy and connected"
1382,the newspaper,"PTL television ministry, PTL"
1228,NA,Zepp
852,NA,NA
1697,NA,FEMA
917,NA,NA
444,NA,NA
2111,"the newspaper, editors, management",school integration crisis of 1957
14,NA,Chicago
1910,NA,NA
690,NA,NA
1443,NA,Central America
1013,NA,NA
1506,NA,"Afghanistan, al Qaeda"
1156,NA,"Central American youths, United States"
385,NA,Europe
2280,NA,national coal strike
1855,NA,"Washington, D.C."
1785,NA,NA
805,NA,NA
106,NA,Kabul
2453,NA,"local cult leader, his followers"
556,NA,Moses
2003,NA,"Wall Street, the nation, economic meltdown"
2516,NA,NA
43,NA,United States Supreme Court
2146,NA,the Board
413,NA,NA
940,the newspaper,NA
1290,NA,"Mexican women, North Carolina"
1005,NA,NA
1455,NA,Africa
686,NA,NA
1906,NA,Church of Scientology
2279,NA,New Jersey State prison
1843,Miss Mary Lou Werner,Virginia
2296,NA,Harvard University
239,NA,NA
393,NA,"Hong Kong, Batavia"
669,NA,NA
1140,NA,Jury
1510,NA,Mexico
2015,NA,"Secret Service, president of the United States"
540,NA,"authors, society"
2445,NA,"Zaire, rebel soldiers, Mobuto Sese Sekos, presidential guard"
110,NA,Syria
1639,NA,"The Widow Maker, the Board"
1269,NA,NA
813,NA,Chicago city government
1793,NA,"Chicago, victims, criminals, detectives"
1286,NA,Florida
956,NA,"industry, government"
405,NA,NA
2150,NA,Cumberland County (N.C.) District Court System
55,NA,Wall Street
2500,NA,Louis Hoffner
281,NA,"Haiti, Cuban-Americans, Miami"
1951,NA,Washington
2384,NA,Bangkok
1402,NA,"Rikers Island, prisoners, staff"
1052,NA,"Amazon, United States"
1547,NA,"Malaysia, Watergate"
1117,NA,Yosemite National Park
794,NA,Kanawha County
1814,NA,"working class, poor, black, Latino"
844,NA,Alabama
1394,NA,NA
147,NA,North Hollywood
2412,NA,space shuttle Challenger
517,NA,NA
2042,NA,"Elon Musk, Europe, United States"
2,NA,Trump Administration
2107,NA,"New York State, William C. DeKoning, Sr., New York"
452,NA,NA
901,NA,NA
1681,NA,"Florida, state officials"
976,NA,NA
425,NA,NA
2170,Gilbert M. Gaul,"American blood industry, government"
75,NA,Afghanistan
2520,NA,Metropolitan Sanitary District of Greater Chicago
2035,NA,"local government agencies, America, Social Security"
560,NA,NA
2465,NA,Northridge earthquake
130,NA,Beirut
1619,NA,"housing officials, the city"
999,NA,America
1249,NA,"House of Bingham, newspaper family, media empire"
833,NA,Pennsylvania
1863,NA,NA
219,NA,Rust
649,NA,NA
1160,NA,"U.S. Marine, Iraq"
1530,NA,Taliban
1025,NA,NA
1475,NA,Soviet Union
1926,NA,Reagan Administration
2259,NA,Marjory Stoneman Douglas High School
22,NA,the state
2127,NA,Watergate case
188,NA,NA
472,NA,NA
921,NA,"Louisiana voters, Louisiana, Jim Crow-era law"
864,NA,"state, legislative districts, congressional districts"
167,NA,Hurricane Charley
2432,NA,"1992 Summer Olympics, Barcelona"
537,NA,NA
2062,NA,NA
1567,NA,"Haiti, Haiti’s president, government, security forces, business elites, arms and drug traffickers"
1137,NA,"Mexico, United States"
1834,NA,California
1971,NA,America
1422,NA,"Viet Nam, Diem regime"
1072,NA,"Lincoln and Dixon State Schools for the Retarded, Illinois"
1588,NA,NA
937,NA,authoritarian regimes
464,NA,NA
2131,NA,United States Marine Corps
34,NA,"contractors, city officials, Beachwood"
2074,NA,European statesmen
521,NA,farm-to-table movement
2424,NA,"Nelson Mandela, America"
171,the newspaper,"Hurricane Katrina, the city"
1658,NA,"government, Congress, federal agencies"
1208,NA,"Kashmir, India"
872,NA,death penalty
1822,NA,"city, climate change"
258,NA,NA
608,NA,NA
1988,NA,congressional
1121,NA,United States
1571,NA,"Ukraine, Russia, Kyiv"
1064,NA,NA
1434,NA,"Cambodia, Pnom Penh"
1967,NA,"jails, foster programs"
2218,NA,"government, terrorism"
599,NA,NA
63,NA,NA
2166,NA,"state, public education system, legislation"
433,her,television
960,NA,NA
825,NA,NA
2189,"Melanie Sill, Pat Stith, Joby Warrick",North Carolina
126,NA,"migrants, U.S., Central and South America"
2473,NA,Solomons
576,NA,NA
2023,NA,"Oklahoma, Arkansas, criminal justice reform, judges, private industry"
1526,NA,West and Central Africa
1176,NA,NA
1875,"Mr. Lewis, his newspaper","Abraham Chasanow, U.S. Navy Department, Navy Department"
1930,NA,USDA
1463,NA,"Americans, Latin-American"
1199,NA,NA
1033,NA,America
1224,NA,brain surgery
1674,NA,Las Vegas
2408,NA,Mexico City
2058,NA,"Drake, Oklahoma A & M, Johnny Bright"
18,NA,NA
448,NA,NA
1361,NA,"11 Black children, Tennessee"
1731,NA,"Dixie County, Florida"
2234,Alan Schwarz,NA
761,NA,NA
331,NA,NA
1418,Mr. Rosenthal,"Poland, Polish government spokesmen"
1048,NA,"redlining, banking system"
624,NA,NA
2371,NA,"military establishment, Southern California"
274,NA,NA
1623,NA,local police officers
1273,NA,"Chicago's South Side, Midwestern"
809,NA,NA
1789,NA,"Florida, Florida reform school for boys"
1766,NA,"U.S. Navy, Board"
1336,NA,NA
366,NA,"Richmond, the Confederacy"
736,NA,"Latino, Americans"
2263,NA,"federal and state agencies, corporate America, government"
1859,NA,NA
223,NA,"New York City, victims, Gambian community, Bronx"
389,NA,President of the United States
2326,NA,NA
673,NA,NA
1265,NA,NA
1635,NA,NA
2449,NA,NA
2019,NA,"doctors, Georgia"
59,NA,Massachusetts
409,NA,NA
1320,NA,NA
1770,NA,"Prince George's County, Maryland"
2275,NA,NA
720,NA,the world
370,NA,"Americans, Supreme Court, Roe v. Wade"
1459,NA,"Northern Ireland, India, Lebanon"
1009,NA,NA
665,NA,NA
2330,NA,"Advisory Board, Pulitzer Prizes"
235,NA,NA
1662,NA,Hurricane Katrina
1398,NA,"Amazon, Jeff Bezos"
1232,NA,NA
848,NA,Florida
1727,NA,Three Mile Island
1377,NA,NA
327,NA,the nation
2388,NA,NA
777,NA,Little Rock
2222,NA,"Congress, farm subsidy system"
1818,NA,"Louisiana, Jim Crow-era law"
798,NA,NA
262,NA,NA
2367,NA,Pacific salmon
632,NA,NA
